1701193743632032768,0.05631,-0.02139,1.74210,0.99971,0.00681,0.02150,-0.00837,
1701193743898718720,0.06269,-0.02751,1.92362,0.99972,0.00054,0.02254,-0.00668,
1701193744165410048,0.06415,-0.03327,2.11194,0.99977,-0.00232,0.02109,-0.00323,
1701193744432101632,0.06004,-0.03737,2.30802,0.99998,0.00235,-0.00517,-0.00250,
1701193744565447680,0.05606,-0.04297,2.41055,0.99970,0.00180,-0.02442,0.00215,
1701193744698793728,0.03894,-0.03966,2.51581,0.99799,0.00129,-0.06326,-0.00311,
1701193744832140032,0.02380,-0.04509,2.60813,0.99522,0.01024,-0.09707,0.00385,
1701193744965486848,-0.00677,-0.04615,2.70205,0.99093,0.00250,-0.13415,0.00701,
1701193745098833920,-0.03754,-0.04953,2.79325,0.98811,0.00872,-0.15350,0.00286,
1701193745232181248,-0.06283,-0.05693,2.89035,0.98794,0.00094,-0.15474,0.00594,
1701193745498876928,-0.13310,-0.06044,3.12157,0.98746,0.00458,-0.15770,0.00559,
1701193745632224512,-0.17804,-0.05901,3.25447,0.98733,0.00406,-0.15864,-0.00141,
1701193745765572608,-0.21793,-0.07071,3.39955,0.98715,0.00783,-0.15943,0.00802,
1701193745898917888,-0.22795,-0.07448,3.53247,0.98658,0.00651,-0.16312,-0.00125,
1701193746168138752,-0.29343,-0.07929,3.78073,0.98634,0.00306,-0.16464,0.00290,
1701193746302796288,-0.34947,-0.08712,3.90991,0.98724,-0.00042,-0.15886,-0.01065,
1701193746437485568,-0.39198,-0.09154,4.04647,0.99076,0.00129,-0.13555,-0.00506,
1701193746572206848,-0.43348,-0.09437,4.17257,0.99278,-0.00094,-0.11868,-0.01760,
1701193746706959616,-0.45410,-0.10380,4.28582,0.99612,0.00567,-0.08777,-0.00299,
1701193746841744384,-0.46465,-0.09984,4.38523,0.99848,0.00020,-0.05384,-0.01138,
1701193746975758848,-0.45088,-0.10265,4.47883,0.99994,0.00788,-0.00758,-0.00196,
1701193747108979712,-0.44608,-0.09503,4.58088,0.99989,0.00783,0.01184,-0.00437,
1701193747242196224,-0.43080,-0.09034,4.65747,0.99974,0.01470,0.01736,0.00095,
1701193747375408640,-0.42010,-0.08566,4.74787,0.99976,0.00821,0.01866,0.00804,
1701193747641821440,-0.38568,-0.06849,4.93673,0.99966,0.00076,0.02192,0.01423,
1701193748041435904,-0.34536,-0.07289,5.26848,0.99966,0.00901,0.02458,-0.00088,
1701193748574267648,-0.32240,-0.07815,5.71730,0.99957,0.01707,0.02394,0.00074,
1701193748707465984,-0.32483,-0.07574,5.83924,0.99971,0.01151,0.02099,-0.00400,
1701193748840658688,-0.32175,-0.07956,5.95565,0.99992,0.00975,0.00768,0.00343,
1701193748973867008,-0.32317,-0.08548,6.07240,0.99992,0.00965,-0.00847,-0.00100,
1701193749107090432,-0.32614,-0.08984,6.19117,0.99997,0.00400,-0.00474,0.00407,
1701193749373525504,-0.32375,-0.10128,6.41800,0.99992,0.00965,-0.00817,0.00019,
1701193749773146880,-0.32569,-0.09173,6.78500,0.99990,0.00984,-0.01014,0.00185,
1701193750039569664,-0.31956,-0.09668,7.02259,0.99990,0.00881,-0.00997,0.00366,
1701193750306003456,-0.31680,-0.09347,7.24571,0.99987,0.01015,-0.01175,0.00533,
1701193750705623808,-0.31018,-0.10104,7.56979,0.99988,0.01089,-0.01082,-0.00021,
1701193750972033024,-0.30436,-0.11499,7.75502,0.99992,0.00921,-0.00886,0.00126,
1701193751238473216,-0.30559,-0.11996,7.91439,0.99993,0.00819,-0.00811,0.00003,
1701193751504897792,-0.30224,-0.12675,8.05139,0.99999,0.00262,-0.00225,-0.00243,
1701193751638103552,-0.28969,-0.13255,8.11365,0.99987,-0.00161,0.01363,-0.00839,
1701193751771304960,-0.27007,-0.13593,8.16724,0.99864,0.00184,0.05175,-0.00523,
1701193751904502272,-0.24260,-0.14436,8.21558,0.99400,-0.00521,0.10909,-0.00643,
1701193752037727232,-0.20548,-0.14602,8.25558,0.98405,-0.00458,0.17769,-0.00694,
1701193752170947584,-0.16814,-0.13936,8.29323,0.97334,-0.00085,0.22933,-0.00224,
1701193752304163840,-0.12864,-0.13609,8.31672,0.96075,-0.00254,0.27739,0.00266,
1701193752437376000,-0.08404,-0.12559,8.34327,0.94580,-0.00217,0.32465,0.00831,
1701193752570584064,-0.03925,-0.11796,8.35924,0.93041,0.00149,0.36629,0.01330,
1701193752703787776,-0.01556,-0.10890,8.35581,0.90797,0.00122,0.41891,0.01014,
1701193752836987648,0.03584,-0.11543,8.34022,0.88726,-0.00149,0.46114,0.01058,
1701193752970201856,0.15504,-0.12732,8.30196,0.86205,0.00021,0.50672,0.01015,
1701193753103429376,0.21420,-0.17426,8.25414,0.84024,-0.00388,0.54196,0.01643,
1701193753236652544,0.27784,-0.23053,8.19447,0.81996,0.00310,0.57221,0.01550,
1701193753369872128,0.33882,-0.22347,8.22155,0.80718,-0.00356,0.59003,0.01741,
1701193753503087872,0.42000,-0.22896,8.21221,0.80126,-0.00254,0.59804,0.01799,
1701193753636299008,0.50240,-0.22890,8.23123,0.79424,-0.01108,0.60717,0.02002,
1701193753902710016,0.70369,-0.23326,8.27235,0.79096,-0.01063,0.61136,0.02262,
1701193754169139968,0.94740,-0.22733,8.29905,0.79248,-0.00499,0.60963,0.01730,
1701193754435551488,1.16656,-0.20294,8.36797,0.79205,0.00120,0.61032,0.01290,
1701193754568750592,1.29474,-0.18865,8.40028,0.79171,0.00152,0.61057,0.02021,
1701193754835136000,1.53592,-0.12386,8.48330,0.78533,0.00866,0.61880,0.01601,
1701193754968341248,1.65878,-0.11444,8.49543,0.78567,0.01022,0.61856,-0.00100,
1701193755101561344,1.74938,-0.12608,8.53158,0.78164,0.00938,0.62362,0.00629,
1701193755367988224,1.98281,-0.13637,8.54360,0.78621,0.01126,0.61785,0.00302,
1701193755501195776,2.09571,-0.14824,8.56603,0.78571,0.00797,0.61854,0.00305,
1701193755634398464,2.19133,-0.15684,8.59236,0.78398,0.01294,0.62065,0.00042,
1701193755767597312,2.28192,-0.15490,8.61687,0.79041,0.00828,0.61245,0.00949,
1701193755900791808,2.37266,-0.15819,8.65408,0.80797,0.00876,0.58915,0.00454,
1701193756034019328,2.47789,-0.16023,8.68912,0.83219,0.00428,0.55416,0.01858,
1701193756167242496,2.56464,-0.16636,8.72981,0.85799,0.00969,0.51351,0.00836,
1701193756300461824,2.65760,-0.20119,8.77433,0.87266,-0.00997,0.48689,0.03610,
1701193756433676544,2.73981,-0.21814,8.83548,0.89333,-0.00914,0.44855,0.02599,
1701193756566887168,2.81133,-0.21777,8.88646,0.90610,-0.01966,0.42071,0.03993,
1701193756700094720,2.88133,-0.20925,8.94402,0.92454,-0.01029,0.37981,0.02953,
1701193756833296896,2.95051,-0.20643,9.00276,0.93929,-0.00575,0.34154,0.03237,
1701193756966511616,3.02531,-0.20952,9.05312,0.95411,-0.01550,0.29561,0.04523,
1701193757099738624,3.03362,-0.20293,9.14686,0.96255,-0.00852,0.26851,0.03632,
1701193757232961024,3.08462,-0.20840,9.25610,0.97053,-0.02011,0.23573,0.04582,
1701193757366179584,3.09491,-0.20661,9.31366,0.98041,-0.01182,0.19331,0.03588,
1701193757499393792,3.11110,-0.18644,9.40716,0.98656,-0.02095,0.15764,0.03744,
1701193757632604160,3.11682,-0.18532,9.49640,0.99395,-0.00649,0.10715,0.02306,
1701193757765810176,3.12125,-0.16259,9.59396,0.99731,-0.00996,0.06739,0.02707,
1701193757899012608,3.10886,-0.14634,9.69877,0.99977,-0.00137,0.01564,0.01457,
1701193758032239872,3.09900,-0.14993,9.78618,0.99947,0.00293,-0.02576,0.01985,
1701193758165463552,3.09077,-0.15362,9.90354,0.99679,-0.00338,-0.07671,0.02267,
1701193758298682624,3.05881,-0.13575,10.01677,0.99238,-0.00008,-0.12155,0.02023,
1701193758431897600,3.01866,-0.11608,10.13330,0.98582,-0.00574,-0.16667,0.01871,
1701193758565108480,2.97555,-0.10663,10.23923,0.97594,0.00339,-0.21751,0.01453,
1701193758698315264,2.95588,-0.10387,10.30841,0.96448,-0.00557,-0.26312,0.02266,
1701193758831517952,2.90487,-0.10426,10.40520,0.94903,0.00907,-0.31485,0.01152,
1701193758964728832,2.85997,-0.10637,10.45313,0.93466,0.00116,-0.35495,0.02053,
1701193759097947392,2.81462,-0.08878,10.49845,0.91373,0.00884,-0.40592,0.01575,
1701193759231161600,2.72541,-0.11907,10.55069,0.89580,0.00831,-0.44409,0.01586,
1701193759364372736,2.60983,-0.12713,10.58061,0.87302,-0.00026,-0.48738,0.01747,
1701193759497578496,2.53312,-0.12769,10.60069,0.85120,0.00411,-0.52471,0.01118,
1701193759630779648,2.44418,-0.13851,10.62062,0.82586,-0.00525,-0.56375,0.01064,
1701193759763976704,2.34843,-0.14784,10.63883,0.79591,0.00443,-0.60538,0.00466,
1701193759897169664,2.28984,-0.18045,10.68831,0.76068,-0.01346,-0.64898,-0.00066,
1701193760030392576,2.17727,-0.15889,10.68363,0.71852,0.00486,-0.69549,0.00107,
1701193760163611392,2.08126,-0.18190,10.63038,0.68834,-0.00928,-0.72533,0.00168,
1701193760296825600,1.99496,-0.16055,10.63768,0.62561,-0.00496,-0.78005,0.01062,
1701193760430035712,1.92195,-0.20464,10.62636,0.57025,-0.01865,-0.82116,0.01231,
1701193760563241728,1.91969,-0.36617,10.51696,0.54033,-0.04659,-0.83992,-0.02009,
1701193760696443392,2.00553,-0.41769,10.29206,0.50541,-0.03427,-0.86216,-0.00824,
1701193760829640704,0.97330,0.31010,10.80585,-0.30746,0.01347,0.94920,-0.06570,
1701193760962846720,-0.56217,0.76645,11.07023,-0.04195,-0.04626,0.98990,-0.12729,
1701193761096061184,-1.81064,0.75814,11.12213,0.15707,-0.06397,0.98017,-0.10247,
1701193761229271296,-2.40167,0.66562,10.96889,0.30623,-0.09173,0.94128,-0.10862,
1701193761362477312,-1.98111,0.78555,10.72040,0.31748,-0.10256,0.93470,-0.12255,
1701193761495678464,-1.39412,0.65817,10.84024,0.26403,-0.09146,0.95497,-0.09976,
1701193761762067456,-1.08190,0.48750,10.82303,0.24243,-0.08254,0.96312,-0.08256,
1701193761895255552,-0.93365,0.49133,10.81357,0.22073,-0.09772,0.96739,-0.07671,
1701193762163103488,-0.75596,0.45847,10.78224,0.20829,-0.08985,0.97151,-0.06863,
1701193762431077120,-0.68838,0.43882,10.69579,0.20600,-0.08403,0.97271,-0.06589,
1701193763233715200,-0.67019,0.42160,10.63974,0.23857,-0.08244,0.96533,-0.06656,
1701193763367068416,-0.65235,0.41973,10.65727,0.28400,-0.08468,0.95255,-0.06944,
1701193763500421632,-0.63861,0.43074,10.66853,0.33847,-0.09054,0.93463,-0.06083,
1701193763633775360,-0.55029,0.46164,10.75442,0.39989,-0.08975,0.91009,-0.06132,
1701193763767128832,-0.52123,0.51023,10.81396,0.46078,-0.09298,0.88079,-0.05696,
1701193763900482816,-0.50966,0.52100,10.82802,0.54300,-0.09829,0.83221,-0.05409,
1701193764033829376,-0.50496,0.49384,10.82710,0.56467,-0.09960,0.81806,-0.04484,
1701193764167175680,-0.41504,0.56688,10.90688,0.54221,-0.09428,0.83342,-0.05031,
1701193764300521984,-0.38596,0.55805,10.92811,0.53197,-0.09386,0.83991,-0.05235,
1701193764433868288,-0.38230,0.55112,10.91955,0.50617,-0.09563,0.85548,-0.05289,
1701193764567214848,-0.41498,0.53796,10.86686,0.46416,-0.09148,0.87901,-0.05937,
1701193764700562176,-0.47049,0.51661,10.79015,0.40699,-0.09089,0.90632,-0.06841,
1701193764833908736,-0.56360,0.50182,10.70359,0.35287,-0.07585,0.93019,-0.06686,
1701193764967255808,-0.60275,0.51736,10.71074,0.24296,-0.06593,0.96475,-0.07668,
1701193765100604416,-0.82293,0.43731,10.59490,0.19029,-0.08264,0.97461,-0.08424,
1701193765233952512,-0.72311,0.51557,10.66209,0.11152,-0.04314,0.98847,-0.09292,
1701193765367300864,-0.74056,0.52622,10.65131,0.10621,-0.04061,0.98939,-0.09043,
1701193766300728832,-0.75285,0.52708,10.62877,0.10091,-0.03866,0.98937,-0.09732,
1701193766834105088,-0.74006,0.52329,10.56653,0.08981,-0.03549,0.99138,-0.08849,
1701193766967450624,-0.72747,0.51677,10.55474,0.07399,-0.03329,0.99264,-0.08995,
1701193767100797696,-0.72257,0.52095,10.53153,0.04661,-0.03424,0.99495,-0.08200,
1701193767234144768,-0.76825,0.50276,10.49915,0.01230,-0.03247,0.99554,-0.08777,
1701193767367493120,-0.83618,0.50753,10.45533,-0.03301,-0.03171,0.99483,-0.09067,
1701193767500840448,-0.84778,0.46562,10.44432,-0.05643,-0.02862,0.99426,-0.08627,
1701193767767535104,-0.86168,0.47302,10.37273,-0.06663,-0.03194,0.99267,-0.09559,
1701193768167570944,-0.88326,0.44052,10.21732,-0.06571,-0.03045,0.99279,-0.09555,
1701193768300914944,-0.89616,0.43430,10.14636,-0.06485,-0.02861,0.99332,-0.09109,
1701193768567603200,-0.91482,0.40258,10.00088,-0.06972,-0.02978,0.99284,-0.09231,
1701193768834290688,-0.91820,0.35749,9.85782,-0.07565,-0.02976,0.99214,-0.09516,
1701193768967633152,-0.92433,0.33597,9.77943,-0.07619,-0.03182,0.99218,-0.09362,
1701193769100974592,-0.93918,0.31046,9.69915,-0.08262,-0.03139,0.99177,-0.09268,
1701193769234315776,-0.94123,0.29250,9.61285,-0.08392,-0.03027,0.99197,-0.08969,
1701193769367657216,-0.95797,0.26926,9.53528,-0.08867,-0.03161,0.99155,-0.08920,
1701193769500998400,-0.97279,0.24768,9.45777,-0.08823,-0.02698,0.99197,-0.08656,
1701193769634339584,-0.98345,0.22083,9.38641,-0.09053,-0.03001,0.99172,-0.08594,
1701193769767680768,-0.99676,0.21525,9.30259,-0.09258,-0.02835,0.99171,-0.08451,
1701193769901021952,-1.01269,0.19651,9.22163,-0.09227,-0.03165,0.99138,-0.08747,
1701193770034358528,-1.01362,0.17431,9.14934,-0.10071,-0.02549,0.99102,-0.08419,
1701193770167693312,-1.03480,0.15924,9.06763,-0.09853,-0.02688,0.99100,-0.08659,
1701193770301028096,-1.05349,0.14655,8.98400,-0.10355,-0.02563,0.98987,-0.09370,
1701193770434362624,-1.07312,0.14501,8.90599,-0.10551,-0.01906,0.99026,-0.08877,
1701193770567696640,-1.07261,0.11844,8.85238,-0.11033,-0.02180,0.99011,-0.08388,
1701193770701030400,-1.09538,0.11661,8.80765,-0.10612,-0.01635,0.99078,-0.08260,
1701193770834363904,-1.11189,0.12041,8.77389,-0.10411,-0.02545,0.98945,-0.09744,
1701193770967701248,-1.11905,0.10927,8.76033,-0.09852,-0.02244,0.99084,-0.08956,
1701193771101041920,-1.11217,0.10944,8.74487,-0.08603,-0.02883,0.99115,-0.09692,
1701193771234382592,-1.09028,0.11140,8.74217,-0.05367,-0.03580,0.99363,-0.09236,
1701193771367723264,-0.93749,0.26331,8.93818,-0.03527,0.00763,0.99563,-0.08613,
1701193771501063936,-0.80396,0.27536,8.98809,0.00467,0.03439,0.99622,-0.07965,
1701193771634403584,-0.72310,0.40174,9.04424,0.05800,0.02587,0.99340,-0.09549,
1701193771767743744,-0.69685,0.27059,8.89120,0.13395,0.01504,0.98615,-0.09661,
1701193771901083904,-0.65920,0.21384,8.78934,0.18656,0.00336,0.97797,-0.09354,
1701193772034426880,-0.63284,0.23127,8.79503,0.23679,-0.00770,0.96633,-0.10041,
1701193772167769856,-0.56896,0.21613,8.66166,0.24673,-0.00847,0.96469,-0.09182,
1701193772301113088,-0.53200,0.18832,8.61595,0.25892,-0.01572,0.96060,-0.09980,
1701193772434456064,-0.48202,0.15693,8.53709,0.26343,-0.01923,0.96032,-0.08951,
1701193772567799040,-0.42422,0.15413,8.47245,0.28351,-0.02263,0.95411,-0.09376,
1701193772701143040,-0.34197,0.14446,8.38679,0.30450,-0.02674,0.94714,-0.09743,
1701193772834486016,-0.28738,0.14201,8.31262,0.33629,-0.03370,0.93632,-0.09523,
1701193772967830528,-0.23055,0.14017,8.25245,0.36500,-0.04335,0.92400,-0.10542,
1701193773101175552,-0.15724,0.13686,8.17614,0.38463,-0.04648,0.91744,-0.09056,
1701193773234520832,-0.07024,0.11449,8.09386,0.39779,-0.05376,0.91035,-0.10062,
1701193773501211904,0.11519,0.07879,7.93882,0.39847,-0.06331,0.90917,-0.10307,
1701193773901249024,0.36815,0.02673,7.71667,0.39590,-0.06130,0.90969,-0.10939,
1701193774167940608,0.53489,-0.00618,7.55914,0.39316,-0.05965,0.91137,-0.10617,
1701193774567979008,0.79056,-0.05630,7.30954,0.38758,-0.05370,0.91431,-0.10462,
1701193774968016128,1.01427,-0.11320,7.05668,0.38752,-0.04532,0.91417,-0.10985,
1701193775234701568,1.13896,-0.16088,6.84698,0.38693,-0.03508,0.91713,-0.08902,
1701193775368045312,1.19178,-0.19139,6.74383,0.39215,-0.03262,0.91322,-0.10576,
1701193775501388032,1.25291,-0.19669,6.60357,0.38037,-0.03215,0.92128,-0.07442,
1701193775634730752,1.30443,-0.23672,6.49341,0.38464,-0.02839,0.91694,-0.10230,
1701193775768073216,1.35387,-0.25325,6.38273,0.37074,-0.02672,0.92484,-0.08068,
1701193775901415680,1.42219,-0.28118,6.28663,0.37189,-0.03494,0.92220,-0.10012,
1701193776034763008,1.49273,-0.30053,6.19436,0.36575,-0.03306,0.92575,-0.09009,
1701193776301458944,1.63397,-0.35179,6.02365,0.36322,-0.03577,0.92447,-0.11017,
1701193776434806528,1.70683,-0.36885,5.94791,0.36062,-0.04196,0.92600,-0.10352,
1701193776968195072,2.03194,-0.42392,5.65103,0.34675,-0.06059,0.92846,-0.11854,
1701193777101535488,2.13267,-0.43345,5.58606,0.34649,-0.07361,0.92815,-0.11431,
1701193777234876160,2.22635,-0.44941,5.52656,0.34174,-0.06267,0.92949,-0.12383,
1701193777501556480,2.44642,-0.46152,5.40925,0.33486,-0.09709,0.93030,-0.11396,
1701193777634896384,2.52117,-0.48396,5.36305,0.33413,-0.09173,0.92758,-0.13980,
1701193777768236032,2.60718,-0.48182,5.29738,0.34310,-0.11167,0.92638,-0.10786,
1701193777901575424,2.69210,-0.50807,5.21897,0.34326,-0.08195,0.92785,-0.12060,
1701193778034918144,2.77500,-0.53544,5.13595,0.34630,-0.08420,0.92764,-0.11169,
1701193778301600768,2.90388,-0.59001,4.94167,0.34926,-0.06237,0.92753,-0.11751,
1701193778434941696,2.95147,-0.60688,4.83638,0.34507,-0.04890,0.93071,-0.11097,
1701193778568282624,2.99202,-0.62854,4.71318,0.34531,-0.04190,0.93184,-0.10332,
1701193778701623552,3.01372,-0.66436,4.60334,0.34561,-0.01860,0.93028,-0.12161,
1701193778834964224,3.04317,-0.66468,4.47710,0.33363,-0.01506,0.93976,-0.07286,
1701193778968307200,3.08999,-0.69337,4.38303,0.33456,-0.01917,0.93593,-0.10832,
1701193779101652736,3.14586,-0.71077,4.28397,0.32502,-0.02380,0.94124,-0.08871,
1701193779234997760,3.21538,-0.73941,4.19425,0.32548,-0.03244,0.93845,-0.11099,
1701193779368343040,3.28481,-0.75543,4.10093,0.32053,-0.03821,0.94073,-0.10404,
1701193779501688576,3.36922,-0.78268,4.00614,0.32170,-0.04507,0.93853,-0.11680,
1701193779635033856,3.45927,-0.81074,3.90253,0.31995,-0.04354,0.93953,-0.11415,
1701193780035066368,3.72965,-0.89344,3.55947,0.31558,-0.05017,0.94048,-0.11572,
1701193780168407552,3.82618,-0.92378,3.44243,0.31575,-0.06032,0.93969,-0.11687,
1701193780301748480,3.91896,-0.94763,3.33438,0.31191,-0.05447,0.94145,-0.11581,
1701193780435089664,4.00765,-0.97123,3.22561,0.31180,-0.06198,0.94108,-0.11536,
1701193780568430336,4.10030,-0.99736,3.10878,0.31046,-0.05198,0.94178,-0.11817,
1701193780701772288,4.19217,-1.02389,2.98607,0.30836,-0.06039,0.94110,-0.12486,
1701193780968457728,4.36697,-1.07672,2.76431,0.30557,-0.05406,0.94237,-0.12509,
1701193781368503296,4.63472,-1.15544,2.43363,0.30360,-0.05303,0.94328,-0.12347,
1701193781501852160,4.72422,-1.18179,2.31463,0.30111,-0.04219,0.94538,-0.11750,
1701193781901899776,4.96429,-1.27796,1.98239,0.29611,-0.05157,0.94560,-0.12454,
1701193782168594176,5.10646,-1.32776,1.78828,0.29205,-0.04826,0.94683,-0.12603,
1701193782435288832,5.26797,-1.38538,1.56117,0.28912,-0.04806,0.94836,-0.12129,
1701193782835331328,5.50679,-1.47532,1.22070,0.28674,-0.05523,0.94838,-0.12368,
1701193782968677888,5.59760,-1.50293,1.09274,0.27973,-0.05469,0.95054,-0.12340,
1701193783102023168,5.69751,-1.51725,0.96636,0.27663,-0.07180,0.94903,-0.13288,
1701193783235368448,5.80385,-1.58027,0.84791,0.27606,-0.07009,0.94996,-0.12829,
1701193783368714752,5.86934,-1.58888,0.73429,0.27478,-0.07573,0.94802,-0.14145,
1701193783502060288,5.96053,-1.59134,0.61386,0.27238,-0.08139,0.94892,-0.13691,
1701193783635406080,6.06035,-1.61434,0.50293,0.26845,-0.06071,0.95118,-0.13968,
1701193783768751616,6.14318,-1.62248,0.38335,0.26915,-0.06713,0.95163,-0.13207,
1701193783902097408,6.21953,-1.62115,0.26648,0.26921,-0.05026,0.95265,-0.13215,
1701193784168794624,6.36393,-1.64830,0.01571,0.27511,-0.04029,0.95282,-0.12177,
1701193784302143488,6.45440,-1.66954,-0.12771,0.29793,-0.04659,0.94504,-0.12636,
1701193784435492608,6.55623,-1.69847,-0.25031,0.32513,-0.03706,0.93672,-0.12439,
1701193784568841472,6.66542,-1.72341,-0.36105,0.35562,-0.04636,0.92552,-0.12165,
1701193784702190848,6.76568,-1.75158,-0.45920,0.38680,-0.03387,0.91236,-0.12975,
1701193784835540224,6.88988,-1.77317,-0.57013,0.39676,-0.03542,0.91043,-0.11160,
1701193784968887552,7.00487,-1.79266,-0.67093,0.39834,-0.04595,0.90827,-0.11937,
1701193785102232576,7.12386,-1.81388,-0.77973,0.39340,-0.04211,0.91057,-0.11965,
1701193785235577344,7.24104,-1.83788,-0.88199,0.39285,-0.05597,0.90977,-0.12189,
1701193785368922112,7.35895,-1.86818,-0.98663,0.39020,-0.04898,0.91114,-0.12316,
1701193785502267136,7.46317,-1.90401,-1.09111,0.39017,-0.06074,0.91017,-0.12520,
1701193785635611648,7.57111,-1.93953,-1.19391,0.39004,-0.05122,0.91031,-0.12876,
1701193785768956672,7.66864,-1.96341,-1.30141,0.38319,-0.06039,0.91208,-0.13280,
1701193786035645952,7.89160,-2.01470,-1.51258,0.38551,-0.05313,0.91200,-0.12966,
1701193786168989440,8.00675,-2.04187,-1.61815,0.38380,-0.06526,0.91182,-0.13049,
1701193786302332928,8.11991,-2.06755,-1.72630,0.38320,-0.05682,0.91324,-0.12620,
1701193786569019648,8.33605,-2.12405,-1.93787,0.37386,-0.05333,0.91736,-0.12580,
1701193786835705600,8.53300,-2.17945,-2.16158,0.35403,-0.04672,0.92466,-0.13220,
1701193786969047808,8.63664,-2.20858,-2.28637,0.33752,-0.05611,0.93010,-0.13357,
1701193787235730688,8.83809,-2.27362,-2.51779,0.32484,-0.05070,0.93433,-0.13760,
1701193787369071872,8.93706,-2.31137,-2.63186,0.32711,-0.05643,0.93400,-0.13213,
1701193787635754496,9.11709,-2.37545,-2.87773,0.32596,-0.05167,0.93435,-0.13445,
1701193787769095680,9.21433,-2.40643,-2.99692,0.32513,-0.04506,0.93575,-0.12893,
1701193788035785728,9.39298,-2.47155,-3.22132,0.32442,-0.04661,0.93490,-0.13613,
1701193788169135104,9.49123,-2.48869,-3.35922,0.32068,-0.05506,0.93587,-0.13523,
1701193788435833344,9.67281,-2.55782,-3.56839,0.32250,-0.04771,0.93545,-0.13658,
1701193788569182976,9.77281,-2.58723,-3.66788,0.33063,-0.05878,0.93216,-0.13531,
1701193788702533376,9.86066,-2.61542,-3.75836,0.34819,-0.04989,0.92695,-0.13054,
1701193788835883264,9.95184,-2.63895,-3.83637,0.38367,-0.05791,0.91186,-0.13400,
1701193788969227776,10.04666,-2.65679,-3.91158,0.42162,-0.05426,0.89702,-0.12100,
1701193789102567680,10.14895,-2.67916,-3.96923,0.47107,-0.06562,0.87039,-0.12728,
1701193789235907072,10.25317,-2.66864,-4.01576,0.52983,-0.05549,0.83896,-0.11111,
1701193789369246208,10.38970,-2.71154,-4.01790,0.59054,-0.08150,0.79567,-0.10738,
1701193789502585600,11.02775,-2.71679,-3.99011,0.65375,-0.07823,0.74600,-0.09986,
1701193789635924736,10.62595,-2.75279,-4.02611,0.71068,-0.09499,0.69451,-0.05970,
1701193789769263872,10.73317,-2.77354,-4.00368,0.76981,-0.09702,0.62857,-0.05356,
1701193789902602496,10.93716,-2.73084,-4.00860,0.82250,-0.10130,0.55939,-0.01801,
1701193790035942912,11.00636,-2.77459,-3.89231,0.86488,-0.11192,0.48834,-0.03119,
1701193790169282816,11.09792,-2.58434,-3.75708,0.89548,-0.10744,0.43175,-0.01283,
1701193790302622976,11.18657,-2.56454,-3.63395,0.93150,-0.10497,0.34764,-0.02110,
1701193790435962880,11.07044,-2.47893,-3.32695,0.94407,-0.10586,0.31226,0.00401,
1701193790569302784,11.08837,-2.43424,-3.17787,0.96474,-0.11278,0.23783,0.00008,
1701193790702642432,11.12595,-2.39017,-3.07890,0.97471,-0.10397,0.19764,0.00822,
1701193790835981824,11.16667,-2.34989,-2.96456,0.97926,-0.11939,0.16271,0.01783,
1701193790969321984,11.22847,-2.36094,-2.88143,0.98108,-0.12558,0.14713,0.00819,
1701193791102662656,11.27391,-2.36376,-2.81079,0.98053,-0.13275,0.14433,0.01051,
1701193791236003072,11.30942,-2.34166,-2.72352,0.98109,-0.13477,0.13875,-0.00622,
1701193791369344512,11.33953,-2.31063,-2.62021,0.98136,-0.12568,0.14536,-0.00345,
1701193791502684928,11.38086,-2.27810,-2.54417,0.97662,-0.12655,0.17173,-0.02656,
1701193791636025088,11.43008,-2.26713,-2.46783,0.96868,-0.11775,0.21733,-0.02374,
1701193791769365248,11.48317,-2.24438,-2.41630,0.95535,-0.12245,0.26617,-0.03823,
1701193791902705408,11.54094,-2.23756,-2.36811,0.93827,-0.12282,0.32013,-0.04576,
1701193792036050176,11.59549,-2.22218,-2.32074,0.93078,-0.11480,0.34457,-0.04180,
1701193792169394944,11.65274,-2.22310,-2.28420,0.92044,-0.11593,0.37072,-0.04371,
1701193792302740224,11.70915,-2.21277,-2.25106,0.90214,-0.11882,0.41269,-0.04135,
1701193792436084992,11.79030,-2.19293,-2.22975,0.88128,-0.10673,0.45740,-0.05225,
1701193792569429760,11.86914,-2.18905,-2.22327,0.84900,-0.10661,0.51374,-0.06244,
1701193792702775296,11.96514,-2.24461,-2.26462,0.82184,-0.10971,0.55510,-0.06634,
1701193792836120320,11.91352,-2.31783,-2.14270,0.73751,-0.11905,0.66108,-0.06986,
1701193792969465856,11.79043,-2.66303,-2.27744,0.68453,-0.18587,0.70053,-0.07833,
1701193793102811648,12.09076,-2.34082,-2.37957,0.63955,-0.10102,0.75826,-0.07631,
1701193793236157184,12.18310,-2.36332,-2.46277,0.59178,-0.08751,0.79784,-0.07474,
1701193793369502976,12.22194,-2.38174,-2.62090,0.53523,-0.08330,0.83672,-0.08054,
1701193793502848768,12.17948,-2.47688,-2.62681,0.43942,-0.07565,0.89252,-0.06778,
1701193793636194560,12.96730,-2.60042,-3.20315,0.41304,0.07628,0.90750,-0.00484,
1701193793769540608,12.68539,-2.76071,-3.62197,0.44231,-0.06054,0.89482,0.00164,
1701193793902886400,12.68578,-2.55788,-3.62782,0.30876,-0.04411,0.94783,-0.06588,
1701193794169573632,13.22388,-3.43386,-3.37625,0.00651,-0.06224,0.98587,0.15538,
1701193794302916608,12.90269,-1.94153,-3.27224,-0.15961,-0.04679,0.97750,-0.12975,
1701193794436259584,12.71727,-1.97090,-3.15602,-0.16837,-0.03315,0.97836,-0.11558,
1701193794569602304,12.71613,-2.00218,-3.24572,-0.19007,-0.02482,0.97468,-0.11513,
1701193794702945024,12.70111,-2.00960,-3.27355,-0.19183,-0.00488,0.97495,-0.11245,
1701193794836288000,12.67230,-2.01659,-3.28953,-0.18858,-0.00070,0.97327,-0.13106,
1701193794969630720,12.66081,-2.01717,-3.29223,-0.18878,0.00532,0.97373,-0.12725,
1701193795102972928,12.67092,-2.02253,-3.29483,-0.16006,-0.00413,0.97821,-0.13214,
1701193795236315136,12.68844,-2.01938,-3.29985,-0.12212,-0.01386,0.98411,-0.12812,
1701193795369657344,12.71384,-2.02422,-3.29902,-0.07211,-0.02930,0.98889,-0.12661,
1701193795502999296,12.75524,-2.01776,-3.30859,0.00263,-0.03947,0.99084,-0.12912,
1701193795636341248,12.81695,-2.01196,-3.33608,0.10572,-0.06504,0.98401,-0.12771,
1701193795769683456,12.86147,-2.29629,-3.05588,0.24276,0.12600,0.95927,-0.07061,
1701193795903025152,13.03313,-2.05653,-3.10179,0.20061,0.07191,0.96777,-0.13417,
1701193796036366080,13.27627,-2.08202,-2.94653,0.26688,0.07167,0.95119,-0.13741,
1701193796436387072,12.64133,-2.03186,-3.31658,0.49813,0.04605,0.85467,-0.13890,
1701193796569726720,13.12190,-2.25958,-2.89419,0.34890,0.08255,0.93202,-0.05284,
1701193796703067904,13.12559,-2.25954,-2.89564,0.34763,0.08320,0.93232,-0.05491,
1701193796836407296,13.13310,-2.25435,-2.90657,0.32225,0.07763,0.94183,-0.05546,
1701193796969749248,9.12890,-2.29215,2.17885,0.24426,-0.13812,0.94540,-0.16575,
1701193797103092992,12.12088,-2.15850,-3.52030,0.36834,0.19651,0.90388,-0.09334,
1701193797503124224,12.10834,-2.14158,-3.54105,0.36275,0.20333,0.90452,-0.09438,
1701193797636467968,12.11389,-2.15133,-3.51592,0.36081,0.20142,0.90630,-0.08864,
1701193797769812224,12.46340,-2.31054,-3.24005,0.32353,0.21283,0.91804,-0.08504,
1701193798169841408,12.36907,-3.07224,-1.85420,0.28761,0.27274,0.91807,-0.00653,
1701193798303184384,12.36254,-3.08582,-1.86249,0.33543,0.27737,0.90030,0.00026,
1701193798436527104,12.38286,-3.08438,-1.85937,0.34119,0.27053,0.90019,-0.00715,
1701193798569869824,12.38710,-3.08224,-1.87183,0.32913,0.26608,0.90602,-0.00044,
1701193798703212800,12.11215,-2.92770,-2.29006,0.34807,0.22906,0.90904,-0.00517,
1701193798836555520,10.63658,-2.10169,-1.64394,0.31329,0.29310,0.90328,0.00445,
1701193798969897472,12.61518,-3.18059,-5.29120,0.34141,0.17658,0.92311,-0.01131,
1701193799236579840,11.89131,-2.92024,-5.34064,0.35638,0.15586,0.92119,-0.01020,
1701193799369922048,9.78285,-5.23962,-6.44477,0.45552,-0.12563,0.85105,0.22897,
1701193799503262720,7.74529,-4.74034,-7.21558,0.37164,-0.24050,0.85870,0.25821,
1701193799636603648,7.73113,-4.70992,-7.25332,0.34232,-0.22539,0.87582,0.25486,
1701193799769944320,7.75419,-4.70647,-7.21815,0.32294,-0.22782,0.88306,0.25301,
1701193799903284992,7.75654,-4.70541,-7.22100,0.32517,-0.22591,0.88497,0.24507,
1701193800036626688,7.75813,-4.69208,-7.23763,0.31936,-0.23127,0.88457,0.24909,
1701193800169968384,7.76909,-4.67006,-7.26050,0.32254,-0.23027,0.88294,0.25172,
1701193800303309824,7.78869,-4.64572,-7.29617,0.31901,-0.22908,0.88579,0.24724,
1701193800436651520,7.81555,-4.60096,-7.34552,0.31800,-0.23045,0.88282,0.25769,
1701193800569992704,7.83474,-4.56718,-7.42469,0.32272,-0.23564,0.88108,0.25303,
1701193800703334400,7.87141,-4.50973,-7.48464,0.32097,-0.23971,0.87918,0.25800,
1701193800836675840,7.91363,-4.45936,-7.55042,0.32107,-0.24292,0.88033,0.25083,
1701193800970022144,7.94941,-4.39285,-7.61954,0.32355,-0.23773,0.88094,0.25050,
1701193801103373824,7.98570,-4.34467,-7.69047,0.32708,-0.23958,0.88018,0.24680,
1701193801236725504,8.01752,-4.29283,-7.76251,0.32744,-0.23432,0.88124,0.24759,
1701193801370077440,8.05329,-4.22578,-7.82482,0.32617,-0.23730,0.88015,0.25028,
1701193801503429632,8.09999,-4.19216,-7.88295,0.32424,-0.23799,0.87937,0.25483,
1701193801636782080,8.13164,-4.16305,-7.92367,0.32165,-0.23436,0.87727,0.26835,
1701193801770135040,8.14749,-4.13839,-7.94745,0.32509,-0.22929,0.88072,0.25705,
1701193802170189824,8.20046,-4.12266,-7.93749,0.32686,-0.25540,0.87640,0.24466,
1701193802303540992,8.21907,-4.12394,-7.92241,0.34032,-0.26024,0.86989,0.24443,
1701193802436892160,8.23435,-4.09783,-7.89408,0.36815,-0.23885,0.86430,0.24578,
1701193802570243328,8.33690,-4.05971,-7.78394,0.42682,-0.22434,0.83772,0.25637,
1701193802703595008,8.29517,-4.08311,-7.95214,0.54764,-0.09044,0.76038,0.33725,
1701193802836946688,8.40791,-3.16322,-8.88072,0.85976,0.14287,0.39706,0.28766,
1701193802970295040,8.28189,-4.30505,-7.71647,0.62028,-0.10487,0.69938,0.33930,
1701193803103639040,-230.77786,120.85636,-186.19024,0.86951,0.17143,0.41965,0.19611,
1701193803237301248,-249.20343,95.48588,-152.13600,0.72473,0.27909,0.32188,0.54155,
1701193803370971392,939.53018,962.75225,9.94583,0.79896,0.52086,-0.29302,-0.06723,
1701193803504649728,656.99139,893.61338,23.22573,0.74137,0.55200,-0.37882,-0.04643,
1701193803638336000,-3875.12524,-4641.95279,336.59804,-0.04423,-0.17646,-0.57705,0.79619,
1701193803772030208,-50061132.23039,202020531.56235,-351414111.94122,0.90462,0.00257,0.01497,0.42595,
1701193803905732352,-50061132.25058,202020531.70411,-351414111.85685,0.90462,0.00257,0.01497,0.42595,
1701193804039442432,-50061131.88302,202020533.47495,-351414116.72117,0.86775,-0.06743,0.08596,0.48484,
1701193804172959232,-50061132.84511,202020534.64738,-351414116.71794,0.87602,-0.09527,0.07240,0.46720,
1701193804439593472,-50061132.71355,202020532.60269,-351414117.91213,0.87602,-0.09527,0.07240,0.46720,
1701193804572909056,-50061132.86092,202020533.73891,-351414118.75015,0.87257,-0.09308,0.09104,0.47081,
1701193804706225152,-50061132.84360,202020533.36632,-351414120.98570,0.87058,-0.08596,0.09290,0.47546,
1701193804839539200,-50061131.88356,202020539.62317,-351414114.67535,0.86696,-0.10432,0.08854,0.47923,
1701193804972852480,-50061131.92178,202020534.90603,-351414116.87633,0.86297,-0.10427,0.07568,0.48856,
1701193805106164736,-50061133.13251,202020540.23722,-351414119.34054,0.85661,-0.10495,0.08088,0.49866,
1701193805239479296,-50061133.12191,202020540.79066,-351414117.28750,0.85605,-0.10728,0.08147,0.49903,
1701193805372792576,-50061132.94548,202020540.91982,-351414117.03392,0.85153,-0.10514,0.09670,0.50448,
1701193805506104832,-50061132.29391,202020541.69855,-351414116.35998,0.85231,-0.11318,0.08884,0.50286,
1701193805639415808,-50061132.31955,202020541.33222,-351414116.72072,0.84114,-0.13029,0.09982,0.51530,
1701193805772725760,-50061132.40690,202020541.14404,-351414116.97807,0.84229,-0.16286,0.14071,0.49420,
1701193805906034688,-50061132.26154,202020541.77559,-351414116.41117,0.83784,-0.19754,0.18383,0.47456,
1701193806039342592,-50061132.19327,202020542.25914,-351414116.14887,0.81851,-0.21331,0.25219,0.47004,
1701193806172652800,-50061132.15711,202020541.95428,-351414116.18355,0.79770,-0.26314,0.30474,0.44897,
1701193806305965312,-50061132.18384,202020542.15907,-351414116.44090,0.77035,-0.27132,0.35247,0.45684,
1701193806439276288,-50061132.15006,202020542.33681,-351414116.40595,0.75721,-0.28554,0.38602,0.44281,
1701193806572586496,-50061132.10257,202020542.29320,-351414116.27656,0.74855,-0.29063,0.40145,0.44050,
1701193806705895168,-50061131.96680,202020542.46262,-351414116.15541,0.74255,-0.29806,0.40331,0.44398,
1701193806839203072,-50061132.18240,202020542.24113,-351414116.38683,0.73699,-0.29026,0.41251,0.44993,
1701193806972510208,-50061132.12683,202020542.41100,-351414116.25791,0.73193,-0.30180,0.41176,0.45126,
1701193807105815552,-50061131.98648,202020542.72793,-351414116.16888,0.73855,-0.29131,0.41136,0.44774,
1701193807239132160,-50061131.78100,202020542.76281,-351414115.98813,0.74033,-0.30313,0.40333,0.44424,
1701193807372448256,-50061131.87845,202020542.58619,-351414116.17122,0.74050,-0.30589,0.40262,0.44271,
1701193807505762560,-50061131.45345,202020543.30635,-351414115.82877,0.74213,-0.28739,0.40053,0.45413,
1701193807639076096,-50061131.17727,202020544.01187,-351414114.96520,0.73434,-0.28917,0.39976,0.46617,
1701193807772388096,-50061131.25466,202020544.20364,-351414114.86092,0.75495,-0.29160,0.37678,0.45062,
1701193807905699584,-50061130.72835,202020545.31653,-351414115.97225,0.85331,-0.31444,0.24313,0.33745,
1701193808039009536,-50061129.83675,202020545.09726,-351414115.76328,0.87396,-0.35241,0.18600,0.27823,
1701193808172321536,-50061127.49842,202020544.01875,-351414115.15639,0.85799,-0.50427,0.07954,0.05693,
1701193808305634816,-50061127.46446,202020543.70711,-351414114.95518,0.85654,-0.50915,0.06657,0.05177,
1701193808438947072,-50061127.47346,202020543.89662,-351414114.95009,0.85844,-0.50481,0.06908,0.05887,
1701193808572258304,-50061127.45482,202020544.12529,-351414114.87791,0.86043,-0.50267,0.06623,0.05103,
1701193808838877440,-50061127.43165,202020544.40027,-351414114.67444,0.85914,-0.50414,0.07123,0.05144,
1701193808972185600,-50061127.41029,202020544.55626,-351414114.60623,0.85624,-0.51015,0.06732,0.04547,
1701193809372126976,-50061127.32685,202020545.00563,-351414114.32507,0.85743,-0.50683,0.07310,0.05091,
1701193809638757120,-50061127.27614,202020545.29659,-351414114.16144,0.85940,-0.50585,0.03458,0.06600,
1701193809772071424,-50061127.26023,202020545.41095,-351414114.08259,0.85919,-0.50416,-0.01235,0.08641,
1701193809905384192,-50061127.23008,202020545.59716,-351414113.96257,0.86098,-0.48865,-0.06359,0.12605,
1701193810038697216,-50061127.23097,202020545.92447,-351414113.66932,0.84045,-0.50526,-0.11201,0.16065,
1701193810172009728,-50061127.27572,202020545.89411,-351414113.74072,0.84372,-0.49301,-0.13703,0.16221,
1701193810305322496,-50061127.31923,202020545.97965,-351414113.69464,0.83963,-0.50460,-0.12627,0.15636,
1701193810438633984,-50061127.30166,202020546.05568,-351414113.64233,0.84977,-0.50473,-0.09829,0.11606,
1701193810571944448,-50061127.25037,202020546.21071,-351414113.56893,0.85673,-0.50573,-0.04377,0.09134,
1701193810705253888,-50061127.21932,202020546.38369,-351414113.48551,0.85791,-0.51130,0.00720,0.05020,
1701193810838562560,-50061127.14839,202020546.39543,-351414113.46020,0.85261,-0.51672,0.07732,0.00924,
1701193810971869696,-50061127.07030,202020546.37956,-351414113.43229,0.84957,-0.51959,0.09089,0.00066,
1701193811105176064,-50061127.03412,202020546.75988,-351414113.12401,0.85173,-0.51486,0.09728,-0.00281,
1701193811238487296,-50061127.03186,202020547.34243,-351414112.80726,0.84949,-0.51898,0.09410,-0.01279,
1701193811371797248,-50061127.35537,202020551.43380,-351414110.24048,0.85133,-0.51437,0.10155,-0.01869,
1701193811505106176,-50061127.06254,202020546.86584,-351414112.99624,0.85141,-0.51514,0.09692,-0.01814,
1701193811771720704,-50061127.06648,202020546.94960,-351414113.15784,0.85308,-0.51159,0.10228,-0.00806,
1701193811905026560,-50061127.20414,202020547.11201,-351414113.12138,0.85385,-0.51022,0.10287,-0.00598,
1701193812038330880,-50061127.07003,202020547.95963,-351414112.94554,0.85738,-0.50982,0.06828,0.01798,
1701193812171637760,-50061126.93276,202020548.66200,-351414112.38840,0.86109,-0.50600,0.00048,0.04993,
1701193812304947456,-50061126.85499,202020548.36051,-351414112.68153,0.86023,-0.49813,-0.05690,0.09291,
1701193812438255616,-50061127.00697,202020547.82176,-351414112.83647,0.85662,-0.49562,-0.09693,0.10568,
1701193812571562752,-50061126.87637,202020548.69366,-351414112.41746,0.85630,-0.49422,-0.10030,0.11150,
1701193812704869888,-50061127.46350,202020547.27803,-351414112.61729,0.85683,-0.49929,-0.07577,0.10394,
1701193812838174720,-50061127.01728,202020545.83427,-351414113.77948,0.85876,-0.50365,-0.03659,0.08671,
1701193812971478528,-50061127.21974,202020546.32593,-351414113.56261,0.86212,-0.50324,0.01374,0.05753,
1701193813104780800,-50061127.24501,202020546.65983,-351414113.29000,0.85961,-0.50668,0.04840,0.04478,
1701193813238095616,-50061127.31549,202020547.48465,-351414112.81453,0.85812,-0.50802,0.06002,0.04406,
1701193813504721664,-50061127.71457,202020548.74786,-351414112.06181,0.85795,-0.50734,0.06829,0.04324,
1701193813771343360,-50061128.39587,202020545.97460,-351414113.33098,0.85663,-0.51016,0.06655,0.03855,
1701193814037960960,-50061129.76950,202020549.29027,-351414111.23224,0.85681,-0.51031,0.06756,0.02995,
1701193814304572672,-50061128.26038,202020546.56783,-351414113.22491,0.85705,-0.50995,0.06748,0.02932,
1701193814437876224,-50061132.28343,202020542.61374,-351414115.60995,0.85782,-0.50883,0.01972,0.06956,
1701193814571178752,-50061198.07342,202020607.44934,-351414061.78021,0.80919,-0.43456,-0.03698,0.39370,
1701193814704479488,-50061238.94343,202020827.44096,-351413961.88824,0.80022,-0.42177,-0.20641,0.37302,
1701193814971077632,-50061232.25361,202020827.41544,-351413962.85591,0.80022,-0.42177,-0.20641,0.37302,
1701193815104374528,-50061199.68301,202020774.15035,-351414015.05895,0.73033,-0.44463,-0.42024,0.30383,
1701193815237681152,-50060868.10617,202020736.58852,-351414052.65043,-0.49571,0.30456,0.76288,-0.28202,
1701193815370987520,-50060932.85175,202020754.83162,-351414042.17641,0.51273,-0.31373,-0.74698,0.28407,
1701193815504291072,-50060931.35954,202020753.44167,-351414043.18803,0.51273,-0.31373,-0.74698,0.28407,
1701193815770894848,-50060924.76766,202020755.38775,-351414043.00833,0.51273,-0.31373,-0.74698,0.28407,
1701193815904194560,-50060923.35005,202020754.00399,-351414044.00577,0.51273,-0.31373,-0.74698,0.28407,
1701193816837330176,-50060921.85213,202020752.95460,-351414044.82243,0.51273,-0.31373,-0.74698,0.28407,
1701193816970632960,-50060919.40145,202020752.10513,-351414044.48946,-0.42744,0.27168,0.82523,-0.24997,
1701193817103934464,-50060914.64296,202020746.52926,-351414036.95633,-0.10230,0.49439,0.82206,-0.26333,
1701193817370555904,-50060909.59244,202020749.16057,-351414036.16312,-0.10230,0.49439,0.82206,-0.26333,
1701193817503865088,-50060897.58949,202020756.06987,-351414038.38973,0.08216,0.39410,0.76168,-0.50772,
1701193817637172992,-50060872.00811,202020740.22659,-351414019.45447,-0.03580,0.59031,0.75781,-0.27564,
1701193817770479616,-50060872.59834,202020739.17012,-351414019.97773,-0.03580,0.59031,0.75781,-0.27564,
1701193817903785472,-50060876.88409,202020740.54248,-351414018.57826,-0.03580,0.59031,0.75781,-0.27564,
1701193818037091072,-50060877.32818,202020741.04963,-351414018.22344,-0.03580,0.59031,0.75781,-0.27564,
